{"confusion_matrix": [[127, 0, 1, 0, 0], [4, 233, 0, 50, 0], [17, 2, 223, 0, 1], [9, 12, 8, 160, 0], [15, 1, 8, 0, 151]], "roc_auc": {"0": 0.984270134228188, "1": 0.9724288321600417, "2": 0.9920812268551535, "3": 0.9677204215019342, "4": 0.9630629111148591}, "average_precision": {"0": 0.8064917393342577, "1": 0.9518524877723553, "2": 0.9788260528063062, "3": 0.9072342295246788, "4": 0.9496999309990973}}